﻿mouse_inst.x,mouse_inst.y,mouse_inst.leftButton,mouse_inst.midButton,mouse_inst.rightButton,mouse_inst.clicked_name,trials.thisRepN,trials.thisTrialN,trials.thisN,trials.thisIndex,trials.ran,list_of_words,participant,session,date,expName,psychopyVersion,OS,frameRate,mouse_recall_ins.x,mouse_recall_ins.y,mouse_recall_ins.leftButton,mouse_recall_ins.midButton,mouse_recall_ins.rightButton,mouse_recall_ins.clicked_name,mouse_recall1.x,mouse_recall1.y,mouse_recall1.leftButton,mouse_recall1.midButton,mouse_recall1.rightButton,mouse_recall1.time,mouse_recall1.clicked_name,mouse_2.x,mouse_2.y,mouse_2.leftButton,mouse_2.midButton,mouse_2.rightButton,mouse_2.time,mouse_2.clicked_name,trials_3.thisRepN,trials_3.thisTrialN,trials_3.thisN,trials_3.thisIndex,trials_3.ran,presented_words,mouse_recall2.x,mouse_recall2.y,mouse_recall2.leftButton,mouse_recall2.midButton,mouse_recall2.rightButton,mouse_recall2.time,mouse_recall2.clicked_name,mouse_3.x,mouse_3.y,mouse_3.leftButton,mouse_3.midButton,mouse_3.rightButton,mouse_3.time,mouse_3.clicked_name,trials_4.thisRepN,trials_4.thisTrialN,trials_4.thisN,trials_4.thisIndex,trials_4.ran,presented_words2
0.438856834,-0.336771796,1,0,0,image_next,0,0,0,0,1,stim/audio_stim/Baby.wav,,001,2022-07-07_15h58.41.176,demo_2,2022.2.0,Win32,60.92731371,,,,,,,,,,,,,,,,,,,,,,,,,,,,,,,,,,,,,,,,,,,,,,
,,,,,,0,1,1,1,1,stim/audio_stim/Fire.wav,,001,2022-07-07_15h58.41.176,demo_2,2022.2.0,Win32,60.92731371,,,,,,,,,,,,,,,,,,,,,,,,,,,,,,,,,,,,,,,,,,,,,,
,,,,,,0,2,2,2,1,stim/audio_stim/Book.wav,,001,2022-07-07_15h58.41.176,demo_2,2022.2.0,Win32,60.92731371,,,,,,,,,,,,,,,,,,,,,,,,,,,,,,,,,,,,,,,,,,,,,,
,,,,,,0,3,3,3,1,stim/audio_stim/Flag.wav,,001,2022-07-07_15h58.41.176,demo_2,2022.2.0,Win32,60.92731371,,,,,,,,,,,,,,,,,,,,,,,,,,,,,,,,,,,,,,,,,,,,,,
,,,,,,0,4,4,4,1,stim/audio_stim/Sea.wav,,001,2022-07-07_15h58.41.176,demo_2,2022.2.0,Win32,60.92731371,,,,,,,,,,,,,,,,,,,,,,,,,,,,,,,,,,,,,,,,,,,,,,
,,,,,,0,5,5,5,1,stim/audio_stim/Sky.wav,,001,2022-07-07_15h58.41.176,demo_2,2022.2.0,Win32,60.92731371,,,,,,,,,,,,,,,,,,,,,,,,,,,,,,,,,,,,,,,,,,,,,,
,,,,,,0,6,6,6,1,stim/audio_stim/Rock.wav,,001,2022-07-07_15h58.41.176,demo_2,2022.2.0,Win32,60.92731371,,,,,,,,,,,,,,,,,,,,,,,,,,,,,,,,,,,,,,,,,,,,,,
,,,,,,0,7,7,7,1,stim/audio_stim/Gold.wav,,001,2022-07-07_15h58.41.176,demo_2,2022.2.0,Win32,60.92731371,,,,,,,,,,,,,,,,,,,,,,,,,,,,,,,,,,,,,,,,,,,,,,
,,,,,,0,8,8,8,1,stim/audio_stim/Tree.wav,,001,2022-07-07_15h58.41.176,demo_2,2022.2.0,Win32,60.92731371,,,,,,,,,,,,,,,,,,,,,,,,,,,,,,,,,,,,,,,,,,,,,,
,,,,,,0,9,9,9,1,stim/audio_stim/Home.wav,,001,2022-07-07_15h58.41.176,demo_2,2022.2.0,Win32,60.92731371,,,,,,,,,,,,,,,,,,,,,,,,,,,,,,,,,,,,,,,,,,,,,,
,,,,,,,,,,,,,001,2022-07-07_15h58.41.176,demo_2,2022.2.0,Win32,60.92731371,0.438856834,-0.338620938,1,0,0,image_next_9,,,,,,,,,,,,,,,,,,,,,,,,,,,,,,,,,,,,,,,,
,,,,,,,,,,,,,001,2022-07-07_15h58.41.176,demo_2,2022.2.0,Win32,60.92731371,,,,,,,,,,,,,,,,,,,,,,,,,,,,,,,,,,,,,,,,,,,,,,
,,,,,,,,,,,,,001,2022-07-07_15h58.41.176,demo_2,2022.2.0,Win32,60.92731371,,,,,,,"[-0.16953642680382852,0.3648881043439136]","[-0.15739758875981674,-0.34601788745500656]","[1,1]","[0,0]","[0,0]","[1.9279999999999973,2.844399999976158]","[""table"",""image_next_6""]",0.363963438,-0.346017887,1,0,0,2.5228,image_next_4,0,0,0,0,1,"baby, fire, book, flag, sea",,,,,,,,,,,,,,,,,,,,
,,,,,,,,,,,,,001,2022-07-07_15h58.41.176,demo_2,2022.2.0,Win32,60.92731371,,,,,,,,,,,,,,,,,,,,,,,,,,,,,,,,,,,,,,,,,,,,,,
,,,,,,,,,,,,,001,2022-07-07_15h58.41.176,demo_2,2022.2.0,Win32,60.92731371,,,,,,,,,,,,,,,,,,,,,,,,,,,"[0.5544328779450262,0.41666636841459426]","[0.01642913019469895,-0.33677179626145287]","[1,1]","[0,0]","[0,0]","[1.1365000000000016,1.7201000000238444]","[""gold"",""image_next_7""]",0.416666368,-0.336771796,1,0,0,2.0128,image_next_8,0,0,0,0,1,"sky, rock, gold, tree, home"
,,,,,,,,,,,,,001,2022-07-07_15h58.41.176,demo_2,2022.2.0,Win32,60.92731371,,,,,,,,,,,,,,,,,,,,,,,,,,,,,,,,,,,,,,,,,,,,,,
