﻿team_vote,x_length,a_length,b_length,c_length,corrAns,trialType,trialsdb.thisRepN,trialsdb.thisTrialN,trialsdb.thisN,trialsdb.thisIndex,trials.thisRepN,trials.thisTrialN,trials.thisN,trials.thisIndex,votes.thisRepN,votes.thisTrialN,votes.thisN,votes.thisIndex,instr_image_3.started,instrmouse_2.started,instrmouse_2.x,instrmouse_2.y,instrmouse_2.leftButton,instrmouse_2.midButton,instrmouse_2.rightButton,instrmouse_2.time,instr_image_4.started,a_votes.started,b_votes.started,c_votes.started,x_line.started,a_line.started,b_line.started,c_line.started,highlight.started,highlight.stopped,participant,session,date,expName,psychopyVersion,frameRate,
,,,,,,,,,,,,,,,,,,,26.812855799973477,0.07229389995336533,[0.01375],[-0.255],[1],[0],[0],[1.167705499974545],,,,,,,,,,,,001,2022-07-08_11h24.55.141,demo_1,2022.2.0,59.95721454792592,
B,0.2,0.1,0.3,0.2,C,group_incorrect,,,,,0,0,0,11,0,0,0,0,,,,,,,,,28.220079999999143,28.220079999999143,28.220079999999143,28.220079999999143,28.220079999999143,28.220079999999143,28.220079999999143,28.220079999999143,28.220079999999143,28.343560999957845,,001,2022-07-08_11h24.55.141,demo_1,2022.2.0,59.95721454792592,
B,0.2,0.1,0.3,0.2,C,group_incorrect,,,,,0,0,0,11,1,0,1,0,,,,,,,,,28.478198199998587,28.478198199998587,28.478198199998587,28.478198199998587,28.478198199998587,28.478198199998587,28.478198199998587,28.478198199998587,28.478198199998587,28.598087099962868,,001,2022-07-08_11h24.55.141,demo_1,2022.2.0,59.95721454792592,
B,0.2,0.1,0.3,0.2,C,group_incorrect,,,,,0,0,0,11,2,0,2,0,,,,,,,,,29.568293099990115,29.568293099990115,29.568293099990115,29.568293099990115,29.568293099990115,29.568293099990115,29.568293099990115,29.568293099990115,29.568293099990115,29.677252499968745,,001,2022-07-08_11h24.55.141,demo_1,2022.2.0,59.95721454792592,
,,,,,,,,,,,,,,,,,,,,,,,,,,,30.376934400002938,30.376934400002938,30.376934400002938,30.376934400002938,30.376934400002938,30.376934400002938,30.376934400002938,30.376934400002938,30.376934400002938,30.49464160000207,,,,,,,
