﻿instrmouse.x,instrmouse.y,instrmouse.leftButton,instrmouse.midButton,instrmouse.rightButton,instrmouse.time,instrmouse_2.x,instrmouse_2.y,instrmouse_2.leftButton,instrmouse_2.midButton,instrmouse_2.rightButton,instrmouse_2.time,participant,session,date,expName,psychopyVersion,OS,frameRate,votes.thisRepN,votes.thisTrialN,votes.thisN,votes.thisIndex,votes.ran,Abutton.numClicks,Abutton.timesOn,Abutton.timesOff,Bbutton.numClicks,Bbutton.timesOn,Bbutton.timesOff,Cbutton.numClicks,Cbutton.timesOn,Cbutton.timesOff,trials.thisRepN,trials.thisTrialN,trials.thisN,trials.thisIndex,trials.ran,team_vote,x_length,a_length,b_length,c_length,corrAns,trialType
0.23625,-0.27125,1,0,0,3.5423,0.23625,-0.27125,1,0,0,3.3186,,001,2022-07-08_11h53.12.336,demo_1,2022.2.0,Win32,59.59830741,,,,,,,,,,,,,,,,,,,,,,,,,,
,,,,,,,,,,,,,001,2022-07-08_11h53.12.336,demo_1,2022.2.0,Win32,59.59830741,0,0,0,0,1,,,,,,,,,,,,,,,,,,,,,
,,,,,,,,,,,,,001,2022-07-08_11h53.12.336,demo_1,2022.2.0,Win32,59.59830741,1,0,1,0,1,,,,,,,,,,,,,,,,,,,,,
,,,,,,,,,,,,,001,2022-07-08_11h53.12.336,demo_1,2022.2.0,Win32,59.59830741,2,0,2,0,1,,,,,,,,,,,,,,,,,,,,,
,,,,,,,,,,,,,001,2022-07-08_11h53.12.336,demo_1,2022.2.0,Win32,59.59830741,3,0,3,0,1,,,,,,,,,,,,,,,,,,,,,
,,,,,,,,,,,,,001,2022-07-08_11h53.12.336,demo_1,2022.2.0,Win32,59.59830741,4,0,4,0,1,,,,,,,,,,,,,,,,,,,,,
,,,,,,,,,,,,,001,2022-07-08_11h53.12.336,demo_1,2022.2.0,Win32,59.59830741,,,,,,0,[],[],1,[42.320499999999996],[42.32059999996423],0,[],[],0,0,0,4,1,B,0.2,0.22,0.2,0.17,B,group_correct
,,,,,,,,,,,,,001,2022-07-08_11h53.12.336,demo_1,2022.2.0,Win32,59.59830741,0,0,0,0,1,,,,,,,,,,,,,,,,,,,,,
,,,,,,,,,,,,,001,2022-07-08_11h53.12.336,demo_1,2022.2.0,Win32,59.59830741,1,0,1,0,1,,,,,,,,,,,,,,,,,,,,,
,,,,,,,,,,,,,001,2022-07-08_11h53.12.336,demo_1,2022.2.0,Win32,59.59830741,2,0,2,0,1,,,,,,,,,,,,,,,,,,,,,
,,,,,,,,,,,,,001,2022-07-08_11h53.12.336,demo_1,2022.2.0,Win32,59.59830741,3,0,3,0,1,,,,,,,,,,,,,,,,,,,,,
,,,,,,,,,,,,,001,2022-07-08_11h53.12.336,demo_1,2022.2.0,Win32,59.59830741,4,0,4,0,1,,,,,,,,,,,,,,,,,,,,,
