﻿instrmouse.x,instrmouse.y,instrmouse.leftButton,instrmouse.midButton,instrmouse.rightButton,instrmouse.time,instrmouse_2.x,instrmouse_2.y,instrmouse_2.leftButton,instrmouse_2.midButton,instrmouse_2.rightButton,instrmouse_2.time,participant,session,date,expName,psychopyVersion,OS,frameRate,votes.thisRepN,votes.thisTrialN,votes.thisN,votes.thisIndex,votes.ran
0.24625,-0.2875,1,0,0,0.5317,0.24625,-0.2875,1,0,0,0.9488,,001,2022-07-08_11h58.17.892,demo_1,2022.2.0,Win32,59.26979611,,,,,
,,,,,,,,,,,,,001,2022-07-08_11h58.17.892,demo_1,2022.2.0,Win32,59.26979611,0,0,0,0,1
,,,,,,,,,,,,,001,2022-07-08_11h58.17.892,demo_1,2022.2.0,Win32,59.26979611,1,0,1,0,1
,,,,,,,,,,,,,001,2022-07-08_11h58.17.892,demo_1,2022.2.0,Win32,59.26979611,2,0,2,0,1
,,,,,,,,,,,,,001,2022-07-08_11h58.17.892,demo_1,2022.2.0,Win32,59.26979611,3,0,3,0,1
,,,,,,,,,,,,,001,2022-07-08_11h58.17.892,demo_1,2022.2.0,Win32,59.26979611,4,0,4,0,1
