﻿instrmouse.x,instrmouse.y,instrmouse.leftButton,instrmouse.midButton,instrmouse.rightButton,instrmouse.time,instrmouse_2.x,instrmouse_2.y,instrmouse_2.leftButton,instrmouse_2.midButton,instrmouse_2.rightButton,instrmouse_2.time,participant,session,date,expName,psychopyVersion,OS,frameRate,votes.thisRepN,votes.thisTrialN,votes.thisN,votes.thisIndex,votes.ran
0.285185185,-0.287654321,1,0,0,3.154,0.290123457,-0.261728395,1,0,0,1.573,,001,2022-07-09_10h09.18.216,demo_1,2022.2.0,MacIntel,66.66666667,,,,,
,,,,,,,,,,,,,001,2022-07-09_10h09.18.216,demo_1,2022.2.0,MacIntel,66.66666667,0,0,0,0,1
,,,,,,,,,,,,,001,2022-07-09_10h09.18.216,demo_1,2022.2.0,MacIntel,66.66666667,1,0,1,0,1
,,,,,,,,,,,,,001,2022-07-09_10h09.18.216,demo_1,2022.2.0,MacIntel,66.66666667,2,0,2,0,1
,,,,,,,,,,,,,001,2022-07-09_10h09.18.216,demo_1,2022.2.0,MacIntel,66.66666667,3,0,3,0,1
,,,,,,,,,,,,,001,2022-07-09_10h09.18.216,demo_1,2022.2.0,MacIntel,66.66666667,4,0,4,0,1
