﻿instrmouse.x,instrmouse.y,instrmouse.leftButton,instrmouse.midButton,instrmouse.rightButton,instrmouse.time,instrmouse_2.x,instrmouse_2.y,instrmouse_2.leftButton,instrmouse_2.midButton,instrmouse_2.rightButton,instrmouse_2.time,participant,session,date,expName,psychopyVersion,OS,frameRate,votes.thisRepN,votes.thisTrialN,votes.thisN,votes.thisIndex,votes.ran,Abutton.numClicks,Abutton.timesOn,Abutton.timesOff,Bbutton.numClicks,Bbutton.timesOn,Bbutton.timesOff,Cbutton.numClicks,Cbutton.timesOn,Cbutton.timesOff,trials.thisRepN,trials.thisTrialN,trials.thisN,trials.thisIndex,trials.ran,team_vote,x_length,a_length,b_length,c_length,corrAns,trialType
0.23125,-0.27,1,0,0,0.7835,0.23125,-0.27,1,0,0,0.7978,,001,2022-07-08_11h54.58.194,demo_1,2022.2.0,Win32,59.84798612,,,,,,,,,,,,,,,,,,,,,,,,,,
,,,,,,,,,,,,,001,2022-07-08_11h54.58.194,demo_1,2022.2.0,Win32,59.84798612,0,0,0,0,1,,,,,,,,,,,,,,,,,,,,,
,,,,,,,,,,,,,001,2022-07-08_11h54.58.194,demo_1,2022.2.0,Win32,59.84798612,1,0,1,0,1,,,,,,,,,,,,,,,,,,,,,
,,,,,,,,,,,,,001,2022-07-08_11h54.58.194,demo_1,2022.2.0,Win32,59.84798612,2,0,2,0,1,,,,,,,,,,,,,,,,,,,,,
,,,,,,,,,,,,,001,2022-07-08_11h54.58.194,demo_1,2022.2.0,Win32,59.84798612,3,0,3,0,1,,,,,,,,,,,,,,,,,,,,,
,,,,,,,,,,,,,001,2022-07-08_11h54.58.194,demo_1,2022.2.0,Win32,59.84798612,4,0,4,0,1,,,,,,,,,,,,,,,,,,,,,
,,,,,,,,,,,,,001,2022-07-08_11h54.58.194,demo_1,2022.2.0,Win32,59.84798612,,,,,,0,[],[],0,[],[],1,[22.718900000035763],[22.718900000035763],0,0,0,5,1,C,0.2,0.17,0.22,0.2,C,group_correct
,,,,,,,,,,,,,001,2022-07-08_11h54.58.194,demo_1,2022.2.0,Win32,59.84798612,0,0,0,0,1,,,,,,,,,,,,,,,,,,,,,
,,,,,,,,,,,,,001,2022-07-08_11h54.58.194,demo_1,2022.2.0,Win32,59.84798612,1,0,1,0,1,,,,,,,,,,,,,,,,,,,,,
