﻿instrmouse.x,instrmouse.y,instrmouse.leftButton,instrmouse.midButton,instrmouse.rightButton,instrmouse.time,instrmouse_2.x,instrmouse_2.y,instrmouse_2.leftButton,instrmouse_2.midButton,instrmouse_2.rightButton,instrmouse_2.time,participant,session,date,expName,psychopyVersion,OS,frameRate,votes.thisRepN,votes.thisTrialN,votes.thisN,votes.thisIndex,votes.ran
0.24375,-0.27125,1,0,0,1.5996,0.24375,-0.27125,1,0,0,1.9671,,001,2022-07-08_11h59.57.477,demo_1,2022.2.0,Win32,59.76929054,,,,,
,,,,,,,,,,,,,001,2022-07-08_11h59.57.477,demo_1,2022.2.0,Win32,59.76929054,0,0,0,0,1
,,,,,,,,,,,,,001,2022-07-08_11h59.57.477,demo_1,2022.2.0,Win32,59.76929054,1,0,1,0,1
,,,,,,,,,,,,,001,2022-07-08_11h59.57.477,demo_1,2022.2.0,Win32,59.76929054,2,0,2,0,1
,,,,,,,,,,,,,001,2022-07-08_11h59.57.477,demo_1,2022.2.0,Win32,59.76929054,3,0,3,0,1
,,,,,,,,,,,,,001,2022-07-08_11h59.57.477,demo_1,2022.2.0,Win32,59.76929054,4,0,4,0,1
